-- phpMyAdmin SQL Dump
-- version 5.2.1
-- https://www.phpmyadmin.net/
--
-- Servidor: 127.0.0.1
-- Tiempo de generación: 31-10-2024 a las 21:58:51
-- Versión del servidor: 10.4.32-MariaDB
-- Versión de PHP: 8.2.12

SET SQL_MODE = "NO_AUTO_VALUE_ON_ZERO";
START TRANSACTION;
SET time_zone = "+00:00";


/*!40101 SET @OLD_CHARACTER_SET_CLIENT=@@CHARACTER_SET_CLIENT */;
/*!40101 SET @OLD_CHARACTER_SET_RESULTS=@@CHARACTER_SET_RESULTS */;
/*!40101 SET @OLD_COLLATION_CONNECTION=@@COLLATION_CONNECTION */;
/*!40101 SET NAMES utf8mb4 */;

--
-- Base de datos: `login_system`
--

-- --------------------------------------------------------

--
-- Estructura de tabla para la tabla `recesos`
--

CREATE TABLE `recesos` (
  `id` int(11) NOT NULL,
  `trabajador_id` int(11) NOT NULL,
  `nombre` varchar(100) DEFAULT NULL,
  `dni` varchar(20) DEFAULT NULL,
  `duracion` int(11) DEFAULT NULL,
  `hora_receso` datetime NOT NULL DEFAULT current_timestamp(),
  `hora_vuelta` time DEFAULT NULL,
  `estado` enum('activo','finalizado') DEFAULT 'activo',
  `exceso` int(11) DEFAULT 0
) ENGINE=InnoDB DEFAULT CHARSET=utf8mb4 COLLATE=utf8mb4_general_ci;

--
-- Volcado de datos para la tabla `recesos`
--

INSERT INTO `recesos` (`id`, `trabajador_id`, `nombre`, `dni`, `duracion`, `hora_receso`, `hora_vuelta`, `estado`, `exceso`) VALUES
(35, 32, 'ABAD CAMPOS JOHANN CRISTOPHER', '71924247', 18, '2024-10-30 17:05:19', '17:22:37', 'finalizado', 3),
(36, 113, 'LOPEZ RODRIGUEZ SONIA MARIA', '00845365', 31, '2024-10-30 17:05:26', '17:36:06', 'finalizado', 16),
(37, 40, 'ALVARADO ROSAS GABRIELA DENY', '71537865', 31, '2024-10-30 17:05:31', '17:36:04', 'finalizado', 16),
(38, 86, 'FERRER CANCHUMANTA EDIMIR PEDRO', '47341518', 2, '2024-10-30 18:05:07', '18:07:07', 'finalizado', 0),
(39, 138, 'RUBINA SOLORZANO ALEJANDRO MARCIAL', '72802969', 13, '2024-10-30 18:05:18', '18:17:52', 'finalizado', 0),
(40, 32, 'ABAD CAMPOS JOHANN CRISTOPHER', '71924247', 2, '2024-10-30 18:05:46', '18:06:52', 'finalizado', 0),
(41, 54, 'BERNA VENTURO JESSENIA DEL PILAR', '48072211', 11, '2024-10-30 18:07:02', '18:17:41', 'finalizado', 0),
(42, 63, 'CAMARA AMASIFUEN CARLOS ENRIQUE', '70061523', 75, '2024-10-30 18:07:26', '19:22:07', 'finalizado', 60),
(43, 89, 'FIGUEROA SANCHEZ JIM JAMES', '22497400', 1, '2024-10-30 18:18:10', '18:19:08', 'finalizado', 0),
(44, 32, 'ABAD CAMPOS JOHANN CRISTOPHER', '71924247', 15, '2024-10-31 15:43:56', NULL, 'activo', 0),
(45, 138, 'RUBINA SOLORZANO ALEJANDRO MARCIAL', '72802969', 15, '2024-10-31 15:45:06', NULL, 'activo', 0);

-- --------------------------------------------------------

--
-- Estructura de tabla para la tabla `recesos_personales`
--

CREATE TABLE `recesos_personales` (
  `id` int(11) NOT NULL,
  `trabajador_id` int(11) NOT NULL,
  `inicio_receso` datetime NOT NULL,
  `fin_receso` datetime DEFAULT NULL
) ENGINE=InnoDB DEFAULT CHARSET=utf8mb4 COLLATE=utf8mb4_general_ci;

-- --------------------------------------------------------

--
-- Estructura de tabla para la tabla `trabajadores`
--

CREATE TABLE `trabajadores` (
  `id` int(11) NOT NULL,
  `nombre` varchar(100) NOT NULL,
  `dni` varchar(8) NOT NULL,
  `hora_receso` time DEFAULT NULL,
  `hora_vuelta` time DEFAULT NULL,
  `duracion` int(11) DEFAULT NULL
) ENGINE=InnoDB DEFAULT CHARSET=utf8mb4 COLLATE=utf8mb4_general_ci;

--
-- Volcado de datos para la tabla `trabajadores`
--

INSERT INTO `trabajadores` (`id`, `nombre`, `dni`, `hora_receso`, `hora_vuelta`, `duracion`) VALUES
(32, 'ABAD CAMPOS JOHANN CRISTOPHER', '71924247', '15:43:56', NULL, 15),
(33, 'ACOSTA CRESPO JESUS', '41159073', NULL, NULL, NULL),
(34, 'ALARCON ARANDA MICHEL SILVESTRE', '77057319', NULL, NULL, NULL),
(35, 'ALBORNOZ ROSAS COAKLEY ARNALDO', '42152820', NULL, NULL, NULL),
(36, 'ALBORNOZ SOTO KATTERINE VANESSA', '46058052', NULL, NULL, NULL),
(37, 'ALEGRIA PAREDES JAMEST', '22407176', NULL, NULL, NULL),
(38, 'ALTAMIRANO HUAMA SEGUNDO ANTONIO', '43311221', NULL, NULL, NULL),
(39, 'ALVARADO ORTEGA OSMIDER', '22403615', NULL, NULL, NULL),
(40, 'ALVARADO ROSAS GABRIELA DENY', '71537865', '17:05:31', '17:36:04', 15),
(41, 'ALVARADO SANTILLAN ROGER', '22513296', NULL, NULL, NULL),
(42, 'ALVAREZ LAZARO LIVIO SANTIAGO', '40766179', NULL, NULL, NULL),
(43, 'ANAYA ALVARADO DELFINA', '47430638', NULL, NULL, NULL),
(44, 'APAZA CAPIA RAUL', '02424849', NULL, NULL, NULL),
(45, 'APOLINARIO MORALES JOSUE NILER', '75771534', NULL, NULL, NULL),
(46, 'ARANDA FLORES GENESIS BIANCA', '62054804', NULL, NULL, NULL),
(47, 'ASENCIO RAYMUNDO GIANMARCO YONATAN', '71665858', NULL, NULL, NULL),
(48, 'ASTO RIVERA KAREN YESMIN', '71305787', NULL, NULL, NULL),
(49, 'ATENCIO VILCA DAVID EDUARDO', '73241533', NULL, NULL, NULL),
(50, 'AVELINO MARTIN HEYDY BER', '74071171', NULL, NULL, NULL),
(51, 'AVILA ROJAS ETHEL JESUS', '46424805', NULL, NULL, NULL),
(52, 'BASILIO CISNEROS YULY OLINDA', '76641310', NULL, NULL, NULL),
(53, 'BENDEZU ROMERO PAULINA MARGOT', '20040778', NULL, NULL, NULL),
(54, 'BERNA VENTURO JESSENIA DEL PILAR', '48072211', '18:07:02', '18:17:41', 15),
(55, 'BERNAL MEZA VERONIKA', '40359835', NULL, NULL, NULL),
(56, 'BERRIOS CACHAY JESUS', '43377884', NULL, NULL, NULL),
(57, 'BRAVO JARA SONIA', '41383432', NULL, NULL, NULL),
(58, 'BURGA SAAVEDRA FERNANDO JOHN', '16444088', NULL, NULL, NULL),
(59, 'CABRERA MANZANO SOFIA OLGA', '22400040', NULL, NULL, NULL),
(60, 'CABRERA MENESES JORGE LUIS', '47258302', NULL, NULL, NULL),
(61, 'CAJALEON COTRINA FLAVIO', '22499417', NULL, NULL, NULL),
(62, 'CAJAS BARRUETA KEILA YOCET', '75841000', NULL, NULL, NULL),
(63, 'CAMARA AMASIFUEN CARLOS ENRIQUE', '70061523', '18:07:26', '19:22:07', 15),
(64, 'CARRENO SONO ROMULO FERNANDO', '22422080', NULL, NULL, NULL),
(65, 'CASIMIRO BENANCIO DEMETRIO', '43033709', NULL, NULL, NULL),
(66, 'CESPEDES CRUZ LYLIAM LUZ', '22513992', NULL, NULL, NULL),
(67, 'CESPEDES ROLDAN JAIMES DIMAS', '22402570', NULL, NULL, NULL),
(68, 'CHAHUA SILVA YAKELIN ARMANDINA', '44342680', NULL, NULL, NULL),
(69, 'CHAMORRO VISCAYA DORIS MIRYAM', '22403612', NULL, NULL, NULL),
(70, 'CHAVEZ VIN CARLOS GROVER', '40377905', NULL, NULL, NULL),
(71, 'CHUQUIYAURI ATENCIO SUSAN', '41909008', NULL, NULL, NULL),
(72, 'COPELLO QUINTANA WILLIAM', '22475728', NULL, NULL, NULL),
(73, 'CORDOVA CABELLO TANIA', '46773942', NULL, NULL, NULL),
(74, 'CORONEL ALVAREZ RONALD ORBAL', '44062785', NULL, NULL, NULL),
(75, 'COTRINA TARAZONA ISOLINA DORIS', '22642886', NULL, NULL, NULL),
(76, 'COZ FELIX ELIZABETH', '09608004', NULL, NULL, NULL),
(77, 'CRUZ MEJIA ERICK PATRICK', '74979993', NULL, NULL, NULL),
(78, 'CRUZ VENANCIO MIGUEL ANGEL', '22517037', NULL, NULL, NULL),
(79, 'CUELLO ZELAYA YSABEL GENOVEVA', '22509407', NULL, NULL, NULL),
(80, 'CUEVA GALIANO MARCIA REGINA', '70015116', NULL, NULL, NULL),
(81, 'ESPINOZA GARAY JOSE LUIS', '22408351', NULL, NULL, NULL),
(82, 'ESPINOZA GRADOS EMILIANA DOLORES', '46993725', NULL, NULL, NULL),
(83, 'ESPINOZA SOLANO PATRICIA', '72120410', NULL, NULL, NULL),
(84, 'FALCON OSORIO OLINDA OBDULIA', '22750248', NULL, NULL, NULL),
(85, 'FELIX UTUS ADERLI ANTHONY', '77236849', NULL, NULL, NULL),
(86, 'FERRER CANCHUMANTA EDIMIR PEDRO', '47341518', '18:05:07', '18:07:07', 15),
(87, 'FIGUEREDO ARANDA CARLOS ABNER', '22500044', NULL, NULL, NULL),
(88, 'FIGUEREDO CARDENAS ALEJANDRA MARIA', '73671675', NULL, NULL, NULL),
(89, 'FIGUEROA SANCHEZ JIM JAMES', '22497400', '18:18:10', '18:19:08', 15),
(90, 'GALLARDO DIAZ LINDA ESTEFANI', '47281581', NULL, NULL, NULL),
(91, 'GARCIA RAMIREZ JHONN JIMY', '45580686', NULL, NULL, NULL),
(92, 'GASPAR LAZARO JENNY ELIZABETH', '22530215', NULL, NULL, NULL),
(93, 'GASPAR LAZARO WENDY LISBETH', '71892435', NULL, NULL, NULL),
(94, 'GAYOSO RAMOS MADELIN', '22481583', NULL, NULL, NULL),
(95, 'GONZALES SANTIAGO JOCSAN ELIAS', '73368358', NULL, NULL, NULL),
(96, 'HERRERA LLANOS ARIANY ARACELY', '71919312', NULL, NULL, NULL),
(97, 'HERRERA RENGIFO YULIANA', '40518241', NULL, NULL, NULL),
(98, 'HIDALGO CONCEPCION BERSY ALEJANDRINA', '40472843', NULL, NULL, NULL),
(99, 'HIDALGO GALAN RUBY FABIOLA', '70776110', NULL, NULL, NULL),
(100, 'HIDALGO HUAMAN WILSON S', '22513146', NULL, NULL, NULL),
(101, 'HUAYANAY FERNANDEZ SENOVIO', '40449772', NULL, NULL, NULL),
(102, 'HUAYNATE ORTEGA EDWIN', '04018445', NULL, NULL, NULL),
(103, 'JANAMPA CANO JUANA CONSUELO', '22408346', NULL, NULL, NULL),
(104, 'JARA SILVA ANTHONY KENNETH', '80158594', NULL, NULL, NULL),
(105, 'JIMENEZ CARRION ALEJANDRO', '72098585', NULL, NULL, NULL),
(106, 'LEIVA TORRES JOSE ARMANDO', '20008667', NULL, NULL, NULL),
(107, 'LEON CHAMOLI SHERLY ANDREA', '45903963', NULL, NULL, NULL),
(108, 'LIMAYLLA CECILIO JOEL PATRICK', '72450588', NULL, NULL, NULL),
(109, 'LINO MUNGUIA CANDY JANET', '45322747', NULL, NULL, NULL),
(110, 'LLANOS DOSANTOS LENING', '43499689', NULL, NULL, NULL),
(111, 'LOPEZ LLANOS CAMILO FRANKLIN', '22472391', NULL, NULL, NULL),
(112, 'LOPEZ PAJUELO ALDO ELIAS', '22474283', NULL, NULL, NULL),
(113, 'LOPEZ RODRIGUEZ SONIA MARIA', '00845365', '17:05:26', '17:36:06', 15),
(114, 'LOPEZ SANCHEZ MARIA LUISA DE PILAR', '20721481', NULL, NULL, NULL),
(115, 'LOZANO BENANCIO GREGORIO FERNANDO', '22481037', NULL, NULL, NULL),
(116, 'MALLQUI HUANCA CARLOS', '22751317', NULL, NULL, NULL),
(117, 'MEZA DURAND SOFIA', '40112011', NULL, NULL, NULL),
(118, 'NIETO FIGUEREDO ELIZABETT BERTA', '22641578', NULL, NULL, NULL),
(119, 'NOLASCO MAGARI SHEYLA MYRELLA', '72462250', NULL, NULL, NULL),
(120, 'ORTIZ VARGAS ANGELICA TARCILA', '22418247', NULL, NULL, NULL),
(121, 'PADUA AYALA JORDY ESMITH', '75900249', NULL, NULL, NULL),
(122, 'PAJUELO QUEDO CESAR ORLANDO', '22405460', NULL, NULL, NULL),
(123, 'PANDURO CONTRERAS JUDITH MARGARITA', '48163270', NULL, NULL, NULL),
(124, 'PAULINO RAMOS BELKER IVAN', '43880954', NULL, NULL, NULL),
(125, 'PENA TAPIA WILLIAM', '19944109', NULL, NULL, NULL),
(126, 'PINEDA CORDOVA LUREN', '47528721', NULL, NULL, NULL),
(127, 'QUESADA ROQUE ANGELA IVONNE', '40716809', NULL, NULL, NULL),
(128, 'QUISPE REYES GLADYS LIZ', '47317427', NULL, NULL, NULL),
(129, 'RAMIREZ RAMOS LILY ISABEL', '22422553', NULL, NULL, NULL),
(130, 'RAMIREZ VEGA ZARAI GUADALUPE', '74224713', NULL, NULL, NULL),
(131, 'RARAZ RIVERA FREDDY WELDER', '04052767', NULL, NULL, NULL),
(132, 'REMIGIO FALCON LUZ ELVA', '22488834', NULL, NULL, NULL),
(133, 'REYMUNDEZ SANCHEZ AMADEO', '42661858', NULL, NULL, NULL),
(134, 'RIOS IBA CLAUDIA SILVANA', '42094516', NULL, NULL, NULL),
(135, 'RIVERA TORRES SILVIA ISABEL', '22498481', NULL, NULL, NULL),
(136, 'RODRIGUEZ ALVARADO JUDITH', '41358602', '15:02:42', '17:40:07', NULL),
(137, 'ROJAS TARAZONA MARCOS RODOLFO', '75661898', '16:36:46', '16:38:09', 5),
(138, 'RUBINA SOLORZANO ALEJANDRO MARCIAL', '72802969', '15:45:06', NULL, 15),
(139, 'RUBIO NONTOL MARIA DE LOS ANGELES', '22407076', NULL, NULL, NULL),
(140, 'SALAZAR RODRIGUEZ ERIKA INDARA', '42000857', NULL, NULL, NULL),
(141, 'SALDIVAR LUNA PERCY LIBORIO', '46019673', NULL, NULL, NULL),
(142, 'SALVADOR PONCE POLINARIA', '22503473', NULL, NULL, NULL),
(143, 'SANCHEZ SINCHE ADRIANA NATHALIA', '40253567', NULL, NULL, NULL),
(144, 'SARMIENTO CHAUPIS ROMER', '43361898', NULL, NULL, NULL),
(145, 'SILVA SOLIS REY FAUSTO', '46000471', '17:54:39', '00:38:27', NULL),
(146, 'SIMON DIAZ BLANCA FLOR', '41711539', NULL, NULL, NULL),
(147, 'SOMONTES RAMIREZ JORGE ESTEBAN', '22481125', NULL, NULL, NULL),
(148, 'SOTO ALVARADO LUIS ALBERTO', '22465240', NULL, NULL, NULL),
(149, 'SUAREZ GONZALES GOMER JAFET', '22514250', NULL, NULL, NULL),
(150, 'SUAREZ LUGO LOURDES BENITA', '22426128', NULL, NULL, NULL),
(151, 'TACUCHE GO SECI MARIBEL', '22521312', NULL, NULL, NULL),
(152, 'TARAZONA AGUIRRE LIU CARMEL', '40383909', NULL, NULL, NULL),
(153, 'TARAZONA NEGRETE ALDO ARTURO', '22511004', NULL, NULL, NULL),
(154, 'TIXE RIVERA MARIA ELENA', '16142559', NULL, NULL, NULL),
(155, 'TORRES MUNGUIA PEDRO GERMAN', '44366428', NULL, NULL, NULL),
(156, 'TREJO LUGO TANIA ROSSY', '22489361', NULL, NULL, NULL),
(157, 'UGARTE CASTRO JUAN', '22424532', NULL, NULL, NULL),
(158, 'VALDERRAMA SALDIVAR RUFO', '43139167', NULL, NULL, NULL),
(159, 'VALENTIN TRUJILLO NESTOR', '41433931', NULL, NULL, NULL),
(160, 'VALLEJOS SILVA GRECIA MIREYA', '72793848', NULL, NULL, NULL),
(161, 'VARGAS HURTADO SEGUNDO LEONCIO', '22657742', NULL, NULL, NULL),
(162, 'VEGA ESPINOZA HOUSEN ELVIS', '71716129', NULL, NULL, NULL),
(163, 'VERA TOLENTINO LIZ CINTHIA', '61566757', NULL, NULL, NULL),
(164, 'VIVAS Y BARRUETA GLADYS MELBA', '22462631', NULL, NULL, NULL);

-- --------------------------------------------------------

--
-- Estructura de tabla para la tabla `users`
--

CREATE TABLE `users` (
  `id` int(11) NOT NULL,
  `username` varchar(50) NOT NULL,
  `email` varchar(100) NOT NULL,
  `password` varchar(255) NOT NULL
) ENGINE=InnoDB DEFAULT CHARSET=utf8mb4 COLLATE=utf8mb4_general_ci;

--
-- Volcado de datos para la tabla `users`
--

INSERT INTO `users` (`id`, `username`, `email`, `password`) VALUES
(1, 'johan', 'johan1@gmail.com', '$2y$10$a0whrSWs7uMxsDnVAzgz/uHCA/jv51R1VVMbZ5kK0fZHDQfDKE9I.'),
(4, 'johan1', 'johan12@gmail.com', '$2y$10$x4D3tEvF4fuBq.OTYIwWaeYZfKMQsviR.7BLnL.5zqn24vjE3De7G'),
(5, 'vigilante', 'vigilante1@gmail.com', '$2y$10$jaOyzeJKgJIkkmg4JEL5f.7cCbOZLYpNztfrqshWn/5FMh103kNo2');

-- --------------------------------------------------------

--
-- Estructura de tabla para la tabla `visitas`
--

CREATE TABLE `visitas` (
  `id` int(11) NOT NULL,
  `dni` varchar(8) NOT NULL,
  `nombre` varchar(100) NOT NULL,
  `tipopersona` varchar(50) DEFAULT NULL,
  `nomoficina` varchar(100) DEFAULT NULL,
  `smotivo` varchar(100) DEFAULT NULL,
  `lugar` varchar(100) DEFAULT NULL,
  `fecha` date NOT NULL DEFAULT current_timestamp(),
  `hora_ingreso` time DEFAULT NULL,
  `hora_salida` time DEFAULT NULL,
  `observaciones` text DEFAULT NULL
) ENGINE=InnoDB DEFAULT CHARSET=utf8mb4 COLLATE=utf8mb4_general_ci;

--
-- Volcado de datos para la tabla `visitas`
--

INSERT INTO `visitas` (`id`, `dni`, `nombre`, `tipopersona`, `nomoficina`, `smotivo`, `lugar`, `fecha`, `hora_ingreso`, `hora_salida`, `observaciones`) VALUES
(42, '22889101', 'HELI RAYMUNDO CHAVEZ ARNAO', 'Entidad Privada', NULL, '', 'CONTABILIDAD', '2024-10-17', '17:44:17', '17:44:28', NULL),
(43, '47341518', 'EDIMIR PEDRO FERRER CANCHUMANTA', 'Persona Natural', NULL, 'Reunion de trabajo', 'INFORMATICA', '2024-10-17', '17:45:27', '17:49:36', NULL),
(44, '47341518', '', 'Persona Natural', NULL, 'Gestion de intereses', 'AUDITORIO PRINCIPAL', '2024-10-17', '17:47:09', '17:49:37', NULL),
(45, '47341518', 'EDIMIR PEDRO FERRER CANCHUMANTA', 'Persona Natural', NULL, 'Reunion de trabajo', 'INFORMATICA', '2024-10-17', '17:49:48', '17:50:25', NULL),
(46, '71924247', '', 'Entidad Publica', NULL, 'Reunion de trabajo', 'ARCHIVO', '2024-10-17', '17:59:13', '08:06:19', NULL),
(47, '71924247', '', 'Entidad Publica', NULL, 'Reunion de trabajo', 'ARCHIVO', '2024-10-17', '17:59:19', '08:06:20', NULL),
(48, '71924247', '', 'Entidad Privada', NULL, 'Reunion de trabajo', 'ALMACEN', '2024-10-17', '17:59:38', '08:06:20', NULL),
(49, '47341518', 'EDIMIR FERRER CANCHUMANTA', 'Persona Natural', NULL, 'Reunion de trabajo', 'CONTABILIDAD', '2024-10-17', '18:02:47', '08:06:21', NULL),
(50, '41909008', 'SUSAN RUBI CHUQUIYAURI ATENCIO', 'Persona Natural', NULL, 'Reunion de trabajo', 'BIENESTAR SOCIAL', '2024-10-17', '18:07:56', '18:10:10', NULL),
(51, '47341518', 'EDIMIR PEDRO FERRER CANCHUMANTA', 'Persona Natural', NULL, 'Reunion de trabajo', 'AUDITORIO PRINCIPAL', '2024-10-18', '08:06:13', '08:06:52', NULL),
(52, '71924247', 'JOHANN CRISTOPHER ABAD CAMPOS', 'Entidad Privada', NULL, 'Reunion de trabajo', 'ALMACEN', '2024-10-28', '16:38:03', '16:38:07', NULL);

--
-- Índices para tablas volcadas
--

--
-- Indices de la tabla `recesos`
--
ALTER TABLE `recesos`
  ADD PRIMARY KEY (`id`);

--
-- Indices de la tabla `recesos_personales`
--
ALTER TABLE `recesos_personales`
  ADD PRIMARY KEY (`id`),
  ADD KEY `trabajador_id` (`trabajador_id`);

--
-- Indices de la tabla `trabajadores`
--
ALTER TABLE `trabajadores`
  ADD PRIMARY KEY (`id`),
  ADD UNIQUE KEY `dni` (`dni`);

--
-- Indices de la tabla `users`
--
ALTER TABLE `users`
  ADD PRIMARY KEY (`id`),
  ADD UNIQUE KEY `username` (`username`),
  ADD UNIQUE KEY `email` (`email`);

--
-- Indices de la tabla `visitas`
--
ALTER TABLE `visitas`
  ADD PRIMARY KEY (`id`);

--
-- AUTO_INCREMENT de las tablas volcadas
--

--
-- AUTO_INCREMENT de la tabla `recesos`
--
ALTER TABLE `recesos`
  MODIFY `id` int(11) NOT NULL AUTO_INCREMENT, AUTO_INCREMENT=46;

--
-- AUTO_INCREMENT de la tabla `recesos_personales`
--
ALTER TABLE `recesos_personales`
  MODIFY `id` int(11) NOT NULL AUTO_INCREMENT;

--
-- AUTO_INCREMENT de la tabla `trabajadores`
--
ALTER TABLE `trabajadores`
  MODIFY `id` int(11) NOT NULL AUTO_INCREMENT, AUTO_INCREMENT=165;

--
-- AUTO_INCREMENT de la tabla `users`
--
ALTER TABLE `users`
  MODIFY `id` int(11) NOT NULL AUTO_INCREMENT, AUTO_INCREMENT=6;

--
-- AUTO_INCREMENT de la tabla `visitas`
--
ALTER TABLE `visitas`
  MODIFY `id` int(11) NOT NULL AUTO_INCREMENT, AUTO_INCREMENT=53;

--
-- Restricciones para tablas volcadas
--

--
-- Filtros para la tabla `recesos_personales`
--
ALTER TABLE `recesos_personales`
  ADD CONSTRAINT `recesos_personales_ibfk_1` FOREIGN KEY (`trabajador_id`) REFERENCES `trabajadores` (`id`);
COMMIT;

/*!40101 SET CHARACTER_SET_CLIENT=@OLD_CHARACTER_SET_CLIENT */;
/*!40101 SET CHARACTER_SET_RESULTS=@OLD_CHARACTER_SET_RESULTS */;
/*!40101 SET COLLATION_CONNECTION=@OLD_COLLATION_CONNECTION */;
